,datetime,계절,사고시간,hour,공정율,날씨,공사종류,공종(소분류),공사비,작업자수,사망자,최소공사비
1,2019-07-01,여름,13:40,13,30~39%,흐림,건축/건축물/교육연구시설,전기설비공사,100억 ~ 150억원 미만,100~299인,1,100억 
5,2019-07-02,여름,13:30,13,50~59%,맑음,토목/도로/기타,가설공사,"1,000억원 이상",100~299인,1,"1,000억원 이상"
19,2019-07-08,여름,10:00,10,10~19%,흐림,건축/건축물/공동주택,가설공사,"500억 ~ 1,000억원 미만",100~299인,1,500억 
20,2019-07-08,여름,10:00,10,40~49%,맑음,건축/건축물/공동주택,타일 및 돌공사,"500억 ~ 1,000억원 미만",100~299인,1,500억 
24,2019-07-09,여름,10:00,10,10% 미만,맑음,건축/건축물/공동주택,기타,"1,000억원 이상",100~299인,1,"1,000억원 이상"
31,2019-07-12,여름,15:30,15,60~69%,흐림,건축/건축물/업무시설,해체 및 철거공사,"500억 ~ 1,000억원 미만",100~299인,1,500억 
50,2019-07-20,여름,10:31,10,30~39%,흐림,건축/건축물/공동주택,기타,"1,000억원 이상",100~299인,1,"1,000억원 이상"
77,2019-08-01,여름,10:00,10,30~39%,맑음,건축/건축물/업무시설,철근콘크리트공사,"1,000억원 이상",100~299인,1,"1,000억원 이상"
91,2019-08-10,여름,13:30,13,70~79%,맑음,건축/건축물/공동주택,미장공사,"1,000만 ~ 2,000만원 미만",100~299인,1,"1,000만 "
92,2019-08-10,여름,15:20,15,10~19%,맑음,건축/건축물/공동주택,철근콘크리트공사,"1,000억원 이상",100~299인,1,"1,000억원 이상"
93,2019-08-11,여름,9:30,9,20~29%,맑음,건축/건축물/창고시설,철근콘크리트공사,"1,000억원 이상",100~299인,1,"1,000억원 이상"
123,2019-08-24,여름,15:30,15,90% 이상,맑음,건축/건축물/공동주택,금속공사,"1,000억원 이상",100~299인,2,"1,000억원 이상"
167,2019-09-17,가을,11:20,11,30~39%,맑음,건축/건축물/교육연구시설,철근콘크리트공사,100억 ~ 150억원 미만,100~299인,1,100억 
177,2019-09-24,가을,8:00,8,30~39%,흐림,건축/건축물/업무시설,철근콘크리트공사,"1,000억원 이상",100~299인,4,"1,000억원 이상"
233,2019-10-14,가을,13:30,13,10~19%,맑음,건축/건축물/공동주택,가설공사,"1,000억원 이상",100~299인,1,"1,000억원 이상"
352,2019-12-06,겨울,10:10,10,30~39%,맑음,건축/건축물/공동주택,철근콘크리트공사,"1,000억원 이상",100~299인,1,"1,000억원 이상"
367,2019-12-13,겨울,10:50,10,80~89%,맑음,건축/건축물/문화 및 집회시설,수장공사,"500억 ~ 1,000억원 미만",100~299인,2,500억 
405,2019-12-27,겨울,10:00,10,80~89%,맑음,토목/터널/철도터널,해체 및 철거공사,"1,000억원 이상",100~299인,1,"1,000억원 이상"
415,2020-01-03,nan,10:00,10,70~79%,흐림,건축/건축물/공동주택,가설공사,"500억 ~ 1,000억원 미만",100~299인,1,500억 
454,2020-02-01,nan,15:00,15,50~59%,안개,건축/건축물/공동주택,가설공사,"1,000억원 이상",100~299인,1,"1,000억원 이상"
459,2020-02-04,nan,14:05,14,80~89%,맑음,산업환경설비/발전시설,기타,"1,000억원 이상",100~299인,1,"1,000억원 이상"
510,2020-03-03,봄,11:30,11,30~39%,맑음,건축/건축물/공동주택,철근콘크리트공사,"1,000억원 이상",100~299인,1,"1,000억원 이상"
539,2020-03-13,봄,8:00,8,30~39%,맑음,건축/건축물/공장,철골공사,10억 ~ 20억원 미만,100~299인,1,10억 
557,2020-03-21,봄,8:50,8,50~59%,흐림,건축/건축물/공장,기타,300억 ~ 500억원 미만,100~299인,1,300억 
586,2020-04-03,봄,12:00,12,10% 미만,안개,건축/건축물/공동주택,기타,"1,000억원 이상",100~299인,1,"1,000억원 이상"
595,2020-04-07,봄,9:10,9,30~39%,흐림,건축/건축물/공동주택,철근콘크리트공사,"500억 ~ 1,000억원 미만",100~299인,1,500억 
618,2020-04-14,봄,16:40,16,20~29%,맑음,건축/건축물/공동주택,기타,"500억 ~ 1,000억원 미만",100~299인,1,500억 
668,2020-05-07,봄,11:00,11,40~49%,맑음,건축/건축물/공동주택,건축물 부대공사,"500억 ~ 1,000억원 미만",100~299인,1,500억 
669,2020-05-07,봄,13:00,13,90% 이상,맑음,건축/건축물/공동주택,기타,"1,000억원 이상",100~299인,1,"1,000억원 이상"
693,2020-05-14,봄,16:30,16,90% 이상,흐림,건축/건축물/공동주택,건축물 부대공사,"1,000억원 이상",100~299인,3,"1,000억원 이상"
698,2020-05-16,봄,10:00,10,80~89%,흐림,건축/건축물/공동주택,도장공사,"1,000억원 이상",100~299인,1,"1,000억원 이상"
752,2020-06-04,여름,16:30,16,70~79%,강우,건축/건축물/공동주택,기타,"1,000억원 이상",100~299인,1,"1,000억원 이상"
797,2020-06-20,여름,16:10,16,80~89%,맑음,건축/건축물/공동주택,방수공사,"500억 ~ 1,000억원 미만",100~299인,1,500억 
806,2020-06-27,여름,7:30,7,20~29%,맑음,건축/건축물/공동주택,철근콘크리트공사,"500억 ~ 1,000억원 미만",100~299인,1,500억 
812,2020-06-29,여름,13:00,13,90% 이상,맑음,건축/건축물/공장,기계설비공사,5억 ~ 10억원 미만,100~299인,1,5억 
813,2020-06-30,여름,10:20,10,60~69%,맑음,건축/건축물/공장,기계설비공사,"1,000억원 이상",100~299인,1,"1,000억원 이상"
819,2020-07-04,여름,7:30,7,70~79%,흐림,건축/건축물/문화 및 집회시설,철골공사,200억 ~ 300억원 미만,100~299인,1,200억 
833,2020-07-11,여름,15:55,15,20~29%,강우,건축/건축물/공동주택,철근콘크리트공사,"1,000억원 이상",100~299인,1,"1,000억원 이상"
861,2020-07-31,여름,11:30,11,10~19%,흐림,건축/건축물/업무시설,철근콘크리트공사,"1,000억원 이상",100~299인,1,"1,000억원 이상"
864,2020-07-31,여름,15:25,15,10~19%,흐림,건축/건축물/공동주택,철근콘크리트공사,"500억 ~ 1,000억원 미만",100~299인,1,500억 
872,2020-08-07,여름,18:10,18,70~79%,흐림,건축/건축물/공장,전기설비공사,"1,000억원 이상",100~299인,1,"1,000억원 이상"
898,2020-08-17,여름,14:20,14,80~89%,맑음,건축/건축물/공동주택,수장공사,"500억 ~ 1,000억원 미만",100~299인,1,500억 
941,2020-09-10,가을,11:00,11,20~29%,흐림,건축/건축물/공동주택,가설공사,"1,000억원 이상",100~299인,1,"1,000억원 이상"
942,2020-09-11,가을,9:10,9,20~29%,흐림,건축/건축물/공동주택,철근콘크리트공사,"1,000억원 이상",100~299인,1,"1,000억원 이상"
1008,2020-10-13,가을,16:09,16,20~29%,맑음,건축/건축물/근린생활시설,철근콘크리트공사,100억 ~ 150억원 미만,100~299인,1,100억 
1017,2020-10-15,가을,13:00,13,30~39%,맑음,건축/건축물/공장,철골공사,"500억 ~ 1,000억원 미만",100~299인,1,500억 
1025,2020-10-20,가을,14:00,14,80~89%,맑음,건축/건축물/공동주택,수장공사,"1,000억원 이상",100~299인,1,"1,000억원 이상"
1028,2020-10-21,가을,11:10,11,20~29%,맑음,건축/건축물/공동주택,전기설비공사,"1,000억원 이상",100~299인,1,"1,000억원 이상"
1046,2020-10-29,가을,10:30,10,30~39%,맑음,건축/건축물/공동주택,철근콘크리트공사,"1,000만 ~ 2,000만원 미만",100~299인,1,"1,000만 "
1054,2020-11-04,가을,16:00,16,80~89%,맑음,토목/터널/도로터널,해체 및 철거공사,"1,000억원 이상",100~299인,1,"1,000억원 이상"
1074,2020-11-10,가을,14:00,14,60~69%,맑음,건축/건축물/업무시설,기계설비공사,"500억 ~ 1,000억원 미만",100~299인,1,500억 
1086,2020-11-24,가을,8:30,8,50~59%,맑음,건축/건축물/공장,철근콘크리트공사,"500억 ~ 1,000억원 미만",100~299인,1,500억 
1089,2020-11-24,가을,15:00,15,80~89%,흐림,조경/기타,기타,100억 ~ 150억원 미만,100~299인,1,100억 
1149,2020-12-29,겨울,10:30,10,40~49%,맑음,건축/건축물/공동주택,철근콘크리트공사,"500억 ~ 1,000억원 미만",100~299인,1,500억 
1151,2021-01-04,nan,8:35,8,10~19%,맑음,건축/건축물/공장,철근콘크리트공사,"1,000억원 이상",100~299인,1,"1,000억원 이상"
1168,2021-01-14,nan,15:00,15,90% 이상,맑음,건축/건축물/공동주택,철근콘크리트공사,150억 ~ 200억원 미만,100~299인,1,150억 
1189,2021-01-23,nan,16:40,16,10~19%,맑음,건축/건축물/공동주택,토공사,"1,000억원 이상",100~299인,1,"1,000억원 이상"
1212,2021-02-08,nan,17:07,17,10~19%,맑음,건축/건축물/업무시설,철근콘크리트공사,"1,000억원 이상",100~299인,1,"1,000억원 이상"
1247,2021-03-09,봄,10:45,10,60~69%,맑음,건축/건축물/공동주택,철근콘크리트공사,300억 ~ 500억원 미만,100~299인,1,300억 
1255,2021-03-13,봄,13:40,13,50~59%,맑음,건축/건축물/업무시설,수장공사,300억 ~ 500억원 미만,100~299인,1,300억 
1257,2021-03-15,봄,13:30,13,90% 이상,흐림,건축/건축물/공동주택,타일 및 돌공사,300억 ~ 500억원 미만,100~299인,1,300억 
1258,2021-03-15,봄,13:30,13,40~49%,맑음,건축/건축물/공동주택,타일 및 돌공사,"1,000억원 이상",100~299인,1,"1,000억원 이상"
1260,2021-03-17,봄,9:20,9,10~19%,맑음,건축/건축물/공동주택,가설공사,"1,000억원 이상",100~299인,1,"1,000억원 이상"
1266,2021-03-25,봄,15:00,15,80~89%,맑음,토목/도로/기타,토공사,"1,000억원 이상",100~299인,1,"1,000억원 이상"
1283,2019-07-04,여름,7:40,7,90% 이상,맑음,건축/건축물/근린생활시설,해체 및 철거공사,"2,000만 ~ 4,000만원 미만",19인 이하,1,"2,000만 "
1289,2019-07-05,여름,11:00,11,90% 이상,맑음,건축/건축물/근린생활시설,철근콘크리트공사,"2,000만 ~ 4,000만원 미만",19인 이하,1,"2,000만 "
1301,2019-07-08,여름,8:30,8,30~39%,맑음,건축/건축물/공동주택,기타,"1,000억원 이상",19인 이하,1,"1,000억원 이상"
1340,2019-07-19,여름,11:40,11,70~79%,흐림,건축/건축물/창고시설,전기설비공사,20억 ~ 50억원 미만,19인 이하,1,20억 
1341,2019-07-19,여름,13:30,13,70~79%,맑음,건축/건축물/공장,기타,50억 ~ 100억원 미만,19인 이하,1,50억 
1349,2019-07-22,여름,14:20,14,90% 이상,맑음,토목/도로/도로,도로 및 포장공사,3억 ~ 5억원 미만,19인 이하,1,3억 
1363,2019-07-27,여름,14:25,14,70~79%,맑음,건축/건축물/창고시설,해체 및 철거공사,3억 ~ 5억원 미만,19인 이하,1,3억 
1378,2019-07-30,여름,11:28,11,20~29%,맑음,건축/건축물/교육연구시설,철골공사,50억 ~ 100억원 미만,19인 이하,1,50억 
1379,2019-07-30,여름,13:00,13,90% 이상,흐림,건축/건축물/업무시설,창호 및 유리공사,50억 ~ 100억원 미만,19인 이하,1,50억 
1382,2019-07-31,여름,7:30,7,90% 이상,흐림,토목/상하수도/상수도,토공사,20억 ~ 50억원 미만,19인 이하,1,20억 
1388,2019-08-01,여름,11:45,11,40~49%,맑음,건축/건축물/자동차 관련시설,철골공사,5억 ~ 10억원 미만,19인 이하,1,5억 
1400,2019-08-03,여름,10:30,10,10~19%,맑음,건축/건축물/공동주택,기타,"500억 ~ 1,000억원 미만",19인 이하,1,500억 
1473,2019-08-19,여름,12:15,12,80~89%,맑음,토목/도로/도로,철근콘크리트공사,5억 ~ 10억원 미만,19인 이하,1,5억 
1490,2019-08-22,여름,15:30,15,60~69%,흐림,건축/건축물/단독주택,기타,5억 ~ 10억원 미만,19인 이하,1,5억 
1505,2019-08-24,여름,10:00,10,70~79%,맑음,건축/건축물/근린생활시설,창호 및 유리공사,3억 ~ 5억원 미만,19인 이하,1,3억 
1513,2019-08-26,여름,16:40,16,40~49%,흐림,건축/건축물/공동주택,기타,"1,000억원 이상",19인 이하,1,"1,000억원 이상"
1514,2019-08-27,여름,2:08,2,40~49%,맑음,토목/상하수도/상수도,관공사,"1,000억원 이상",19인 이하,1,"1,000억원 이상"
1545,2019-09-02,가을,11:19,11,90% 이상,강우,토목/터널/철도터널,기타,"1,000억원 이상",19인 이하,1,"1,000억원 이상"
1604,2019-09-19,가을,11:00,11,60~69%,맑음,건축/건축물/공동주택,철근콘크리트공사,"1,000억원 이상",19인 이하,1,"1,000억원 이상"
1626,2019-09-25,가을,13:30,13,70~79%,맑음,건축/건축물/교육연구시설,창호 및 유리공사,5억 ~ 10억원 미만,19인 이하,1,5억 
1638,2019-09-27,가을,9:41,9,90% 이상,맑음,토목/상하수도/하수도,관공사,200억 ~ 300억원 미만,19인 이하,1,200억 
1645,2019-09-28,가을,15:30,15,80~89%,맑음,건축/건축물/교육연구시설,기타,3억 ~ 5억원 미만,19인 이하,1,3억 
1675,2019-10-07,가을,15:50,15,20~29%,맑음,건축/건축물/근린생활시설,가설공사,20억 ~ 50억원 미만,19인 이하,1,20억 
1700,2019-10-12,가을,15:00,15,30~39%,맑음,건축/건축물/공동주택,철근콘크리트공사,100억 ~ 150억원 미만,19인 이하,1,100억 
1702,2019-10-12,가을,16:00,16,40~49%,맑음,토목/도로/도로,가설공사,10억 ~ 20억원 미만,19인 이하,1,10억 
1706,2019-10-13,가을,14:30,14,30~39%,맑음,건축/건축물/공장,철골공사,5억 ~ 10억원 미만,19인 이하,1,5억 
1710,2019-10-14,가을,7:30,7,70~79%,맑음,건축/건축물/교육연구시설,미장공사,5억 ~ 10억원 미만,19인 이하,1,5억 
1713,2019-10-14,가을,9:50,9,60~69%,맑음,토목/댐/기타,해체 및 철거공사,"1,000억원 이상",19인 이하,1,"1,000억원 이상"
1741,2019-10-19,가을,15:30,15,70~79%,맑음,건축/건축물/근린생활시설,건축 토공사,1억 ~ 2억원 미만,19인 이하,1,1억 
1747,2019-10-21,가을,14:00,14,80~89%,맑음,건축/건축물/교육연구시설,철근콘크리트공사,5억 ~ 10억원 미만,19인 이하,1,5억 
1797,2019-10-31,가을,13:45,13,50~59%,맑음,건축/건축물/기타,기타,50억 ~ 100억원 미만,19인 이하,1,50억 
1839,2019-11-07,가을,14:15,14,10% 미만,맑음,토목/도로/도로,교량공사,"1,000억원 이상",19인 이하,1,"1,000억원 이상"
1847,2019-11-09,가을,10:30,10,50~59%,맑음,건축/건축물/기타,해체 및 철거공사,10억 ~ 20억원 미만,19인 이하,1,10억 
1881,2019-11-17,가을,12:00,12,50~59%,안개,토목/교량/도로교량,교량공사,20억 ~ 50억원 미만,19인 이하,2,20억 
1913,2019-11-27,가을,10:30,10,80~89%,맑음,건축/건축물/업무시설,타일 및 돌공사,"500억 ~ 1,000억원 미만",19인 이하,1,500억 
1985,2019-12-18,겨울,11:40,11,80~89%,맑음,건축/건축물/의료시설,철골공사,50억 ~ 100억원 미만,19인 이하,1,50억 
1986,2019-12-18,겨울,15:50,15,90% 이상,맑음,토목/도로/도로,도로 및 포장공사,5억 ~ 10억원 미만,19인 이하,1,5억 
1996,2019-12-21,겨울,16:32,16,30~39%,흐림,건축/건축물/근린생활시설,건축 토공사,10억 ~ 20억원 미만,19인 이하,1,10억 
2008,2019-12-25,겨울,10:30,10,10~19%,맑음,건축/건축물/위험물 저장 및 처리시설,건축 토공사,5억 ~ 10억원 미만,19인 이하,1,5억 
2016,2019-12-28,겨울,7:40,7,60~69%,맑음,건축/건축물/근린생활시설,기타,1억 ~ 2억원 미만,19인 이하,1,1억 
2042,2020-01-07,nan,17:03,17,90% 이상,흐림,토목/터널/철도터널,터널공사,"1,000억원 이상",19인 이하,1,"1,000억원 이상"
2048,2020-01-10,nan,11:15,11,70~79%,맑음,건축/건축물/공장,수장공사,20억 ~ 50억원 미만,19인 이하,1,20억 
2088,2020-01-29,nan,16:00,16,10% 미만,맑음,건축/건축물/공동주택,가설공사,"500억 ~ 1,000억원 미만",19인 이하,1,500억 
2091,2020-01-30,nan,14:30,14,20~29%,맑음,건축/건축물/교육연구시설,가설공사,50억 ~ 100억원 미만,19인 이하,1,50억 
2115,2020-02-05,nan,15:30,15,50~59%,맑음,건축/건축물/근린생활시설,해체 및 철거공사,"2,000만 ~ 4,000만원 미만",19인 이하,1,"2,000만 "
2122,2020-02-06,nan,16:30,16,40~49%,맑음,토목/도로/도로,토공사,"500억 ~ 1,000억원 미만",19인 이하,1,500억 
2149,2020-02-14,nan,14:30,14,20~29%,맑음,건축/건축물/교육연구시설,해체 및 철거공사,"4,000만 ~ 1억원 미만",19인 이하,1,"4,000만 "
2170,2020-02-21,nan,16:16,16,60~69%,흐림,건축/건축물/기타,기타,"4,000만 ~ 1억원 미만",19인 이하,1,"4,000만 "
2182,2020-02-24,nan,15:00,15,10% 미만,맑음,토목/도로/도로,가설공사,5억 ~ 10억원 미만,19인 이하,1,5억 
2202,2020-03-04,봄,8:10,8,10% 미만,맑음,건축/건축물/업무시설,기타,10억 ~ 20억원 미만,19인 이하,1,10억 
2204,2020-03-04,봄,14:00,14,30~39%,맑음,건축/건축물/자동차 관련시설,전기설비공사,20억 ~ 50억원 미만,19인 이하,1,20억 
2213,2020-03-05,봄,15:30,15,90% 이상,맑음,건축/건축물/근린생활시설,철근콘크리트공사,10억 ~ 20억원 미만,19인 이하,1,10억 
2228,2020-03-11,봄,11:00,11,60~69%,맑음,건축/건축물/교육연구시설,기타,20억 ~ 50억원 미만,19인 이하,1,20억 
2328,2020-04-04,봄,9:50,9,90% 이상,흐림,건축/건축물/공동주택,건축물 부대공사,50억 ~ 100억원 미만,19인 이하,1,50억 
2356,2020-04-10,봄,8:30,8,10% 미만,맑음,건축/건축물/단독주택,기타,"1,000만 ~ 2,000만원 미만",19인 이하,1,"1,000만 "
2369,2020-04-13,봄,15:50,15,30~39%,맑음,조경/기타,기타,100억 ~ 150억원 미만,19인 이하,1,100억 
2405,2020-04-23,봄,16:30,16,10~19%,맑음,토목/상하수도/기타,철근콘크리트공사,1억 ~ 2억원 미만,19인 이하,1,1억 
2427,2020-04-27,봄,10:10,10,50~59%,맑음,토목/상하수도/상수도,기타,20억 ~ 50억원 미만,19인 이하,1,20억 
2431,2020-04-28,봄,10:00,10,70~79%,맑음,건축/건축물/근린생활시설,건축물 부대공사,100억 ~ 150억원 미만,19인 이하,1,100억 
2444,2020-04-30,봄,10:30,10,30~39%,맑음,토목/하천/기타,하천공사,20억 ~ 50억원 미만,19인 이하,1,20억 
2455,2020-05-04,봄,8:40,8,70~79%,맑음,토목/상하수도/기타,철근콘크리트공사,20억 ~ 50억원 미만,19인 이하,1,20억 
2486,2020-05-11,봄,14:19,14,50~59%,맑음,건축/건축물/기타,지붕 및 홈통공사,"500억 ~ 1,000억원 미만",19인 이하,1,500억 
2503,2020-05-17,봄,15:26,15,40~49%,맑음,토목/교량/도로교량,철근콘크리트공사,300억 ~ 500억원 미만,19인 이하,1,300억 
2562,2020-06-01,여름,10:30,10,30~39%,맑음,토목/상하수도/하수도,관공사,100억 ~ 150억원 미만,19인 이하,1,100억 
2579,2020-06-03,여름,9:40,9,20~29%,맑음,건축/건축물/교정 및 군사시설,해체 및 철거공사,10억 ~ 20억원 미만,19인 이하,1,10억 
2593,2020-06-04,여름,15:47,15,10% 미만,맑음,건축/건축물/근린생활시설,건축 토공사,300억 ~ 500억원 미만,19인 이하,1,300억 
2629,2020-06-15,여름,10:56,10,10% 미만,맑음,건축/건축물/공동주택,기타,300억 ~ 500억원 미만,19인 이하,1,300억 
2683,2020-06-28,여름,11:00,11,30~39%,맑음,건축/건축물/교육연구시설,조적공사,3억 ~ 5억원 미만,19인 이하,1,3억 
2770,2020-07-16,여름,15:30,15,90% 이상,맑음,건축/건축물/단독주택,해체 및 철거공사,"1,000만원 미만",19인 이하,1,"1,000만원 미만"
2777,2020-07-18,여름,9:10,9,50~59%,흐림,토목/도로/기타,강구조물공사,50억 ~ 100억원 미만,19인 이하,1,50억 
2810,2020-07-30,여름,9:10,9,70~79%,흐림,건축/건축물/공동주택,철근콘크리트공사,5억 ~ 10억원 미만,19인 이하,1,5억 
2854,2020-08-13,여름,15:40,15,20~29%,흐림,건축/건축물/공동주택,철근콘크리트공사,10억 ~ 20억원 미만,19인 이하,1,10억 
2864,2020-08-16,여름,15:00,15,70~79%,맑음,토목/옹벽 및 절토사면/절토사면,지반개량공사,5억 ~ 10억원 미만,19인 이하,2,5억 
2879,2020-08-18,여름,15:00,15,90% 이상,맑음,토목/도로/도로,교량공사,"1,000억원 이상",19인 이하,1,"1,000억원 이상"
2902,2020-08-24,여름,7:05,7,20~29%,맑음,토목/도로/도로,강구조물공사,2억 ~ 3억원 미만,19인 이하,1,2억 
2954,2020-09-04,가을,16:40,16,30~39%,맑음,건축/건축물/교정 및 군사시설,목공사,10억 ~ 20억원 미만,19인 이하,1,10억 
2969,2020-09-08,가을,10:05,10,90% 이상,흐림,토목/상하수도/하수도,관공사 부대공사,3억 ~ 5억원 미만,19인 이하,1,3억 
2976,2020-09-09,가을,14:30,14,50~59%,맑음,토목/기타,관공사,100억 ~ 150억원 미만,19인 이하,1,100억 
3043,2020-09-22,가을,15:30,15,10% 미만,맑음,건축/건축물/공동주택,가설공사,"1,000억원 이상",19인 이하,1,"1,000억원 이상"
3069,2020-09-28,가을,14:00,14,40~49%,맑음,건축/건축물/문화 및 집회시설,가설공사,"1,000억원 이상",19인 이하,2,"1,000억원 이상"
3128,2020-10-13,가을,8:20,8,50~59%,맑음,건축/건축물/공동주택,철근콘크리트공사,"1,000억원 이상",19인 이하,1,"1,000억원 이상"
3162,2020-10-19,가을,16:30,16,20~29%,맑음,건축/건축물/교육연구시설,철근콘크리트공사,10억 ~ 20억원 미만,19인 이하,1,10억 
3216,2020-10-30,가을,9:20,9,10~19%,맑음,토목/도로/도로,교량공사,"1,000억원 이상",19인 이하,1,"1,000억원 이상"
3278,2020-11-09,가을,14:00,14,30~39%,맑음,조경/기타,철근콘크리트공사,3억 ~ 5억원 미만,19인 이하,1,3억 
3313,2020-11-16,가을,10:00,10,80~89%,맑음,건축/건축물/근린생활시설,조적공사,3억 ~ 5억원 미만,19인 이하,1,3억 
3314,2020-11-16,가을,11:00,11,40~49%,흐림,건축/건축물/공장,토공사,50억 ~ 100억원 미만,19인 이하,1,50억 
3315,2020-11-16,가을,14:15,14,80~89%,맑음,토목/상하수도/상수도,토공사,10억 ~ 20억원 미만,19인 이하,1,10억 
3335,2020-11-21,가을,10:00,10,90% 이상,맑음,건축/건축물/자동차 관련시설,건축물 부대공사,20억 ~ 50억원 미만,19인 이하,1,20억 
3354,2020-11-26,가을,18:30,18,30~39%,맑음,토목/터널/도로터널,터널공사,200억 ~ 300억원 미만,19인 이하,1,200억 
3358,2020-11-29,가을,15:30,15,20~29%,맑음,토목/기타,기타,20억 ~ 50억원 미만,19인 이하,1,20억 
3369,2020-12-01,겨울,15:07,15,60~69%,맑음,건축/건축물/교육연구시설,미장공사,5억 ~ 10억원 미만,19인 이하,2,5억 
3381,2020-12-03,겨울,15:15,15,10% 미만,맑음,건축/건축물/기타,가설공사,1억 ~ 2억원 미만,19인 이하,1,1억 
3393,2020-12-06,겨울,11:00,11,90% 이상,맑음,건축/건축물/단독주택,방수공사,5억 ~ 10억원 미만,19인 이하,1,5억 
3411,2020-12-09,겨울,14:29,14,40~49%,맑음,건축/건축물/근린생활시설,철근콘크리트공사,3억 ~ 5억원 미만,19인 이하,1,3억 
3419,2020-12-11,겨울,9:00,9,80~89%,흐림,토목/기타/부지조성,지반조사,"500억 ~ 1,000억원 미만",19인 이하,1,500억 
3427,2020-12-12,겨울,9:44,9,30~39%,맑음,토목/항만/호안,항만공사,300억 ~ 500억원 미만,19인 이하,1,300억 
3460,2020-12-20,겨울,16:30,16,70~79%,흐림,건축/건축물/단독주택,수장공사,50억 ~ 100억원 미만,19인 이하,1,50억 
3473,2020-12-22,겨울,12:30,12,90% 이상,맑음,건축/건축물/공장,산업설비공사,"1,000억원 이상",19인 이하,1,"1,000억원 이상"
3478,2020-12-23,겨울,11:06,11,70~79%,맑음,토목/터널/지하차도,해체 및 철거공사,50억 ~ 100억원 미만,19인 이하,1,50억 
3500,2020-12-29,겨울,11:05,11,10% 미만,맑음,토목/기타/부지조성,가설공사,300억 ~ 500억원 미만,19인 이하,1,300억 
3508,2021-01-04,nan,10:00,10,10% 미만,맑음,토목/기타/부지조성,토공사,50억 ~ 100억원 미만,19인 이하,1,50억 
3512,2021-01-05,nan,11:00,11,30~39%,맑음,건축/건축물/교육연구시설,철근콘크리트공사,50억 ~ 100억원 미만,19인 이하,1,50억 
3513,2021-01-05,nan,11:10,11,60~69%,맑음,건축/건축물/문화 및 집회시설,철근콘크리트공사,50억 ~ 100억원 미만,19인 이하,1,50억 
3530,2021-01-12,nan,10:30,10,40~49%,강설,건축/건축물/공동주택,철근콘크리트공사,"1,000억원 이상",19인 이하,1,"1,000억원 이상"
3532,2021-01-12,nan,16:00,16,20~29%,맑음,조경/공원,조경공사,3억 ~ 5억원 미만,19인 이하,1,3억 
3577,2021-01-30,nan,11:35,11,30~39%,맑음,건축/건축물/자동차 관련시설,가설공사,50억 ~ 100억원 미만,19인 이하,1,50억 
3583,2021-02-02,nan,10:00,10,50~59%,흐림,건축/건축물/교육연구시설,철근콘크리트공사,10억 ~ 20억원 미만,19인 이하,1,10억 
3598,2021-02-06,nan,11:00,11,10% 미만,맑음,토목/상하수도/하수도,관공사,50억 ~ 100억원 미만,19인 이하,1,50억 
3603,2021-02-08,nan,12:00,12,40~49%,맑음,건축/건축물/동물 및 식물 관련시설,지붕 및 홈통공사,분류불능,19인 이하,1,분류불능
3611,2021-02-09,nan,16:30,16,50~59%,맑음,건축/건축물/공동주택,미장공사,3억 ~ 5억원 미만,19인 이하,3,3억 
3635,2021-02-21,nan,8:15,8,10~19%,맑음,건축/건축물/업무시설,철골공사,300억 ~ 500억원 미만,19인 이하,1,300억 
3702,2021-03-09,봄,15:30,15,80~89%,맑음,건축/건축물/교육연구시설,철근콘크리트공사,3억 ~ 5억원 미만,19인 이하,1,3억 
3738,2021-03-19,봄,9:15,9,10% 미만,맑음,건축/건축물/문화 및 집회시설,토공사,50억 ~ 100억원 미만,19인 이하,1,50억 
3741,2021-03-20,봄,9:47,9,10% 미만,흐림,건축/건축물/운동시설,건축 토공사,100억 ~ 150억원 미만,19인 이하,1,100억 
3757,2021-03-24,봄,15:30,15,10~19%,맑음,건축/건축물/업무시설,철근콘크리트공사,50억 ~ 100억원 미만,19인 이하,1,50억 
3787,2019-07-03,여름,14:10,14,90% 이상,맑음,건축/건축물/공동주택,철근콘크리트공사,"1,000억원 이상",20~49인,1,"1,000억원 이상"
3796,2019-07-06,여름,13:49,13,60~69%,맑음,토목/도로/도로,토공사,200억 ~ 300억원 미만,20~49인,1,200억 
3800,2019-07-06,여름,16:25,16,40~49%,맑음,건축/건축물/공장,수장공사,150억 ~ 200억원 미만,20~49인,1,150억 
3810,2019-07-10,여름,9:24,9,20~29%,맑음,건축/건축물/교육연구시설,해체 및 철거공사,50억 ~ 100억원 미만,20~49인,1,50억 
3850,2019-07-23,여름,10:05,10,10% 미만,맑음,건축/건축물/공장,해체 및 철거공사,100억 ~ 150억원 미만,20~49인,1,100억 
3887,2019-08-12,여름,15:00,15,90% 이상,맑음,건축/건축물/근린생활시설,가설공사,20억 ~ 50억원 미만,20~49인,1,20억 
3904,2019-08-19,여름,15:07,15,10~19%,맑음,토목/터널/도로터널,터널공사,"1,000억원 이상",20~49인,1,"1,000억원 이상"
3912,2019-08-21,여름,15:30,15,70~79%,흐림,조경/공원,기타,50억 ~ 100억원 미만,20~49인,1,50억 
3925,2019-08-28,여름,10:40,10,10% 미만,맑음,건축/건축물/근린생활시설,건축 토공사,50억 ~ 100억원 미만,20~49인,1,50억 
3939,2019-09-02,가을,18:10,18,90% 이상,맑음,산업환경설비/환경시설/하수처리시설,기타,"1,000억원 이상",20~49인,3,"1,000억원 이상"
3958,2019-09-16,가을,9:40,9,30~39%,맑음,건축/건축물/업무시설,철근콘크리트공사,20억 ~ 50억원 미만,20~49인,1,20억 
3972,2019-09-21,가을,9:00,9,70~79%,흐림,건축/건축물/공동주택,미장공사,50억 ~ 100억원 미만,20~49인,1,50억 
3982,2019-09-24,가을,8:30,8,90% 이상,맑음,건축/건축물/업무시설,기타,20억 ~ 50억원 미만,20~49인,1,20억 
3996,2019-09-28,가을,13:10,13,70~79%,강우,토목/도로/기타,기타,"1,000억원 이상",20~49인,1,"1,000억원 이상"
4045,2019-10-22,가을,16:27,16,40~49%,강우,건축/건축물/의료시설,가설공사,100억 ~ 150억원 미만,20~49인,2,100억 
4052,2019-10-25,가을,15:00,15,20~29%,흐림,토목/상하수도/상수도,가설공사,300억 ~ 500억원 미만,20~49인,1,300억 
4054,2019-10-27,가을,7:00,7,30~39%,맑음,건축/건축물/공동주택,철근콘크리트공사,50억 ~ 100억원 미만,20~49인,1,50억 
4066,2019-11-01,가을,7:20,7,80~89%,맑음,건축/건축물/업무시설,기타,"1,000억원 이상",20~49인,1,"1,000억원 이상"
4070,2019-11-01,가을,14:20,14,10~19%,맑음,건축/건축물/공동주택,기타,"1,000억원 이상",20~49인,1,"1,000억원 이상"
4082,2019-11-07,가을,10:00,10,30~39%,맑음,건축/건축물/단독주택,기타,1억 ~ 2억원 미만,20~49인,1,1억 
4083,2019-11-07,가을,11:00,11,60~69%,맑음,건축/건축물/공동주택,기타,200억 ~ 300억원 미만,20~49인,2,200억 
4089,2019-11-09,가을,14:00,14,80~89%,맑음,건축/건축물/업무시설,가설공사,100억 ~ 150억원 미만,20~49인,1,100억 
4099,2019-11-12,가을,11:47,11,70~79%,맑음,건축/건축물/공장,전기설비공사,100억 ~ 150억원 미만,20~49인,1,100억 
4103,2019-11-13,가을,8:50,8,70~79%,맑음,토목/도로/도로,가설공사,100억 ~ 150억원 미만,20~49인,1,100억 
4109,2019-11-15,가을,11:30,11,60~69%,맑음,토목/상하수도/하수도,가설공사,300억 ~ 500억원 미만,20~49인,1,300억 
4118,2019-11-20,가을,11:00,11,10% 미만,맑음,건축/건축물/공동주택,기타,50억 ~ 100억원 미만,20~49인,1,50억 
4130,2019-11-25,가을,5:30,5,60~69%,흐림,토목/상하수도/기타,토공사,200억 ~ 300억원 미만,20~49인,1,200억 
4131,2019-11-25,가을,12:30,12,70~79%,흐림,토목/기타/부지조성,전기설비공사,"500억 ~ 1,000억원 미만",20~49인,1,500억 
4148,2019-12-02,겨울,13:50,13,10% 미만,맑음,건축/건축물/공동주택,가설공사,"500억 ~ 1,000억원 미만",20~49인,1,500억 
4170,2019-12-11,겨울,14:00,14,40~49%,맑음,건축/건축물/교육연구시설,철근콘크리트공사,50억 ~ 100억원 미만,20~49인,1,50억 
4171,2019-12-11,겨울,15:16,15,10~19%,맑음,건축/건축물/운수시설,기타,50억 ~ 100억원 미만,20~49인,1,50억 
4172,2019-12-12,겨울,6:30,6,10% 미만,맑음,건축/건축물/공동주택,기타,"1,000억원 이상",20~49인,1,"1,000억원 이상"
4184,2019-12-14,겨울,11:30,11,30~39%,맑음,건축/건축물/업무시설,해체 및 철거공사,300억 ~ 500억원 미만,20~49인,1,300억 
4185,2019-12-14,겨울,15:00,15,80~89%,강우,건축/건축물/공동주택,방수공사,"1,000억원 이상",20~49인,1,"1,000억원 이상"
4210,2019-12-26,겨울,10:40,10,30~39%,흐림,건축/건축물/공동주택,전기설비공사,"1,000억원 이상",20~49인,1,"1,000억원 이상"
4217,2020-01-04,nan,10:10,10,10~19%,맑음,건축/건축물/공동주택,철근콘크리트공사,200억 ~ 300억원 미만,20~49인,1,200억 
4228,2020-01-11,nan,14:00,14,50~59%,맑음,토목/도로/도로,가설공사,"500억 ~ 1,000억원 미만",20~49인,1,500억 
4244,2020-01-18,nan,6:50,6,20~29%,맑음,건축/건축물/공동주택,기타,"1,000억원 이상",20~49인,1,"1,000억원 이상"
4299,2020-02-18,nan,15:00,15,20~29%,맑음,건축/건축물/교육연구시설,전기설비공사,20억 ~ 50억원 미만,20~49인,1,20억 
4353,2020-03-14,봄,8:30,8,10~19%,맑음,건축/건축물/공동주택,건축 토공사,200억 ~ 300억원 미만,20~49인,1,200억 
4391,2020-04-01,봄,9:00,9,10~19%,맑음,토목/도로/도로,교량공사,"1,000억원 이상",20~49인,1,"1,000억원 이상"
4401,2020-04-04,봄,9:53,9,60~69%,안개,건축/건축물/교육연구시설,해체 및 철거공사,50억 ~ 100억원 미만,20~49인,1,50억 
4421,2020-04-08,봄,10:00,10,90% 이상,맑음,건축/건축물/기타,기계설비공사,2억 ~ 3억원 미만,20~49인,1,2억 
4428,2020-04-10,봄,10:30,10,20~29%,흐림,건축/건축물/운동시설,가설공사,100억 ~ 150억원 미만,20~49인,1,100억 
4444,2020-04-17,봄,9:40,9,40~49%,강우,건축/건축물/근린생활시설,철근콘크리트공사,20억 ~ 50억원 미만,20~49인,1,20억 
4451,2020-04-22,봄,8:50,8,10~19%,맑음,건축/건축물/숙박시설,해체 및 철거공사,200억 ~ 300억원 미만,20~49인,1,200억 
4456,2020-04-23,봄,15:30,15,60~69%,맑음,건축/건축물/문화 및 집회시설,도장공사,100억 ~ 150억원 미만,20~49인,1,100억 
4457,2020-04-24,봄,8:10,8,40~49%,맑음,토목/도로/도로,기타,200억 ~ 300억원 미만,20~49인,38,200억 
4462,2020-04-24,봄,16:00,16,90% 이상,맑음,건축/건축물/공동주택,창호 및 유리공사,"1,000억원 이상",20~49인,1,"1,000억원 이상"
4483,2020-05-04,봄,9:20,9,30~39%,맑음,건축/건축물/업무시설,미장공사,50억 ~ 100억원 미만,20~49인,1,50억 
4524,2020-06-01,여름,11:01,11,20~29%,맑음,건축/건축물/업무시설,전기설비공사,50억 ~ 100억원 미만,20~49인,1,50억 
4548,2020-06-11,여름,16:30,16,20~29%,맑음,건축/건축물/교정 및 군사시설,철근콘크리트공사,5억 ~ 10억원 미만,20~49인,1,5억 
4558,2020-06-17,여름,10:30,10,30~39%,맑음,건축/건축물/공동주택,철근콘크리트공사,50억 ~ 100억원 미만,20~49인,1,50억 
4582,2020-07-01,여름,15:30,15,50~59%,흐림,건축/건축물/숙박시설,철근콘크리트공사,20억 ~ 50억원 미만,20~49인,1,20억 
4625,2020-07-31,여름,10:10,10,80~89%,강우,건축/건축물/공동주택,도장공사,150억 ~ 200억원 미만,20~49인,1,150억 
4639,2020-08-05,여름,15:00,15,70~79%,맑음,토목/상하수도/하수도,해체 및 철거공사,50억 ~ 100억원 미만,20~49인,1,50억 
4684,2020-08-29,여름,16:00,16,10~19%,맑음,건축/건축물/의료시설,철근콘크리트공사,100억 ~ 150억원 미만,20~49인,1,100억 
4697,2020-09-04,가을,13:10,13,80~89%,맑음,건축/건축물/문화 및 집회시설,수장공사,"500억 ~ 1,000억원 미만",20~49인,1,500억 
4709,2020-09-10,가을,15:00,15,70~79%,맑음,건축/건축물/근린생활시설,철근콘크리트공사,10억 ~ 20억원 미만,20~49인,1,10억 
4724,2020-09-18,가을,15:30,15,20~29%,흐림,건축/건축물/공동주택,해체 및 철거공사,50억 ~ 100억원 미만,20~49인,1,50억 
4775,2020-10-16,가을,9:30,9,90% 이상,맑음,건축/건축물/위험물 저장 및 처리시설,기타,2억 ~ 3억원 미만,20~49인,1,2억 
4791,2020-10-24,가을,9:30,9,50~59%,맑음,토목/상하수도/하수도,관공사,"500억 ~ 1,000억원 미만",20~49인,1,500억 
4822,2020-11-06,가을,11:35,11,20~29%,맑음,건축/건축물/업무시설,기타,50억 ~ 100억원 미만,20~49인,1,50억 
4825,2020-11-07,가을,8:40,8,20~29%,맑음,건축/건축물/공동주택,미장공사,200억 ~ 300억원 미만,20~49인,1,200억 
4839,2020-11-12,가을,9:30,9,40~49%,맑음,토목/기타/부지조성,토공사,"1,000억원 이상",20~49인,1,"1,000억원 이상"
4861,2020-11-27,가을,7:20,7,50~59%,맑음,산업환경설비/환경시설/환경오염방지시설,철근콘크리트공사,"500억 ~ 1,000억원 미만",20~49인,1,500억 
4941,2021-01-20,nan,13:00,13,80~89%,맑음,토목/상하수도/하수도,기타,150억 ~ 200억원 미만,20~49인,3,150억 
4982,2021-02-20,nan,8:50,8,20~29%,맑음,토목/도로/도로,터널공사,"1,000억원 이상",20~49인,1,"1,000억원 이상"
5011,2021-03-13,봄,15:00,15,60~69%,맑음,산업환경설비/발전시설,기계설비공사,"1,000억원 이상",20~49인,1,"1,000억원 이상"
5050,2019-07-19,여름,6:45,6,70~79%,맑음,산업환경설비/발전시설,산업설비공사,"1,000억원 이상",300~499인,1,"1,000억원 이상"
5053,2019-07-23,여름,17:40,17,10~19%,맑음,건축/건축물/공동주택,가설공사,"1,000억원 이상",300~499인,1,"1,000억원 이상"
5102,2019-10-01,가을,12:40,12,80~89%,맑음,토목/도로/도로,도로 및 포장공사,"1,000억원 이상",300~499인,1,"1,000억원 이상"
5114,2019-10-12,가을,10:00,10,50~59%,흐림,건축/건축물/공동주택,기타,300억 ~ 500억원 미만,300~499인,1,300억 
5125,2019-10-30,가을,11:00,11,50~59%,맑음,건축/건축물/공동주택,철근콘크리트공사,"1,000억원 이상",300~499인,1,"1,000억원 이상"
5137,2019-11-13,가을,11:05,11,60~69%,강우,건축/건축물/공동주택,창호 및 유리공사,"1,000억원 이상",300~499인,1,"1,000억원 이상"
5146,2019-11-18,가을,10:00,10,30~39%,흐림,건축/건축물/교육연구시설,가설공사,20억 ~ 50억원 미만,300~499인,1,20억 
5153,2019-11-20,가을,16:10,16,70~79%,맑음,건축/건축물/의료시설,도장공사,"500억 ~ 1,000억원 미만",300~499인,1,500억 
5177,2019-12-16,겨울,14:30,14,70~79%,맑음,건축/건축물/업무시설,해체 및 철거공사,"1,000억원 이상",300~499인,1,"1,000억원 이상"
5180,2019-12-20,겨울,16:00,16,30~39%,맑음,건축/건축물/공동주택,철근콘크리트공사,"1,000억원 이상",300~499인,1,"1,000억원 이상"
5198,2020-01-20,nan,14:00,14,20~29%,맑음,건축/건축물/공장,해체 및 철거공사,"500억 ~ 1,000억원 미만",300~499인,1,500억 
5222,2020-02-19,nan,16:00,16,30~39%,맑음,건축/건축물/공동주택,철근콘크리트공사,"1,000억원 이상",300~499인,1,"1,000억원 이상"
5260,2020-03-23,봄,16:30,16,10% 미만,맑음,건축/건축물/공동주택,기타,"1,000억원 이상",300~499인,1,"1,000억원 이상"
5280,2020-04-17,봄,15:30,15,90% 이상,강우,건축/건축물/숙박시설,수장공사,"1,000억원 이상",300~499인,1,"1,000억원 이상"
5382,2020-10-13,가을,10:40,10,70~79%,맑음,건축/건축물/교정 및 군사시설,철근콘크리트공사,"1,000억원 이상",300~499인,1,"1,000억원 이상"
5406,2020-11-11,가을,10:00,10,70~79%,흐림,건축/건축물/관광 휴게시설,철근콘크리트공사,200억 ~ 300억원 미만,300~499인,2,200억 
5460,2021-02-18,nan,9:30,9,80~89%,맑음,건축/건축물/공동주택,기계설비공사,"1,000억원 이상",300~499인,1,"1,000억원 이상"
5473,2021-03-26,봄,8:20,8,20~29%,흐림,건축/건축물/공동주택,가설공사,"1,000억원 이상",300~499인,1,"1,000억원 이상"
5475,2019-07-01,여름,8:50,8,80~89%,강우,건축/건축물/공동주택,가설공사,150억 ~ 200억원 미만,50~99인,1,150억 
5505,2019-07-15,여름,9:00,9,20~29%,맑음,건축/건축물/업무시설,철근콘크리트공사,100억 ~ 150억원 미만,50~99인,1,100억 
5517,2019-07-22,여름,9:30,9,80~89%,흐림,토목/터널/철도터널,터널공사,"500억 ~ 1,000억원 미만",50~99인,1,500억 
5553,2019-08-14,여름,13:30,13,10% 미만,맑음,건축/건축물/공동주택,철근콘크리트공사,"1,000억원 이상",50~99인,1,"1,000억원 이상"
5614,2019-09-25,가을,8:40,8,20~29%,맑음,건축/건축물/공동주택,기타,300억 ~ 500억원 미만,50~99인,1,300억 
5634,2019-10-04,가을,10:30,10,40~49%,맑음,건축/건축물/문화 및 집회시설,기타,200억 ~ 300억원 미만,50~99인,1,200억 
5703,2019-11-15,가을,17:00,17,40~49%,흐림,토목/터널/도로터널,기타,"1,000억원 이상",50~99인,1,"1,000억원 이상"
5715,2019-11-22,가을,16:00,16,10~19%,맑음,건축/건축물/의료시설,기타,"1,000억원 이상",50~99인,1,"1,000억원 이상"
5720,2019-11-25,가을,9:30,9,90% 이상,맑음,건축/건축물/업무시설,기타,50억 ~ 100억원 미만,50~99인,1,50억 
5727,2019-11-29,가을,9:30,9,90% 이상,맑음,건축/건축물/업무시설,기타,"500억 ~ 1,000억원 미만",50~99인,1,500억 
5735,2019-12-03,겨울,16:00,16,40~49%,맑음,토목/터널/철도터널,기타,"1,000억원 이상",50~99인,1,"1,000억원 이상"
5736,2019-12-04,겨울,10:30,10,90% 이상,맑음,건축/건축물/공동주택,철근콘크리트공사,"1,000억원 이상",50~99인,1,"1,000억원 이상"
5745,2019-12-10,겨울,10:00,10,90% 이상,맑음,건축/건축물/공동주택,철근콘크리트공사,300억 ~ 500억원 미만,50~99인,1,300억 
5757,2019-12-16,겨울,11:45,11,10~19%,맑음,건축/건축물/공동주택,기타,"500억 ~ 1,000억원 미만",50~99인,1,500억 
5776,2019-12-28,겨울,13:10,13,10% 미만,흐림,토목/도로/도로,교량공사,"1,000억원 이상",50~99인,1,"1,000억원 이상"
5834,2020-02-19,nan,11:00,11,10% 미만,맑음,건축/건축물/업무시설,철골공사,300억 ~ 500억원 미만,50~99인,1,300억 
5879,2020-03-20,봄,11:30,11,10% 미만,맑음,건축/건축물/공동주택,기타,"1,000억원 이상",50~99인,1,"1,000억원 이상"
5904,2020-04-06,봄,7:55,7,10% 미만,맑음,건축/건축물/문화 및 집회시설,가설공사,"500억 ~ 1,000억원 미만",50~99인,1,500억 
5910,2020-04-08,봄,14:30,14,40~49%,맑음,건축/건축물/판매시설,철골공사,10억 ~ 20억원 미만,50~99인,1,10억 
5916,2020-04-13,봄,14:45,14,30~39%,맑음,건축/건축물/창고시설,철근콘크리트공사,150억 ~ 200억원 미만,50~99인,1,150억 
5918,2020-04-15,봄,9:32,9,90% 이상,맑음,건축/건축물/공장,수장공사,100억 ~ 150억원 미만,50~99인,1,100억 
5988,2020-05-27,봄,16:45,16,60~69%,맑음,건축/건축물/공동주택,조적공사,200억 ~ 300억원 미만,50~99인,1,200억 
6053,2020-07-05,여름,13:30,13,50~59%,맑음,토목/터널/철도터널,철근콘크리트공사,"1,000억원 이상",50~99인,1,"1,000억원 이상"
6065,2020-07-11,여름,14:40,14,10~19%,강우,건축/건축물/판매시설,기타,"500억 ~ 1,000억원 미만",50~99인,1,500억 
6093,2020-07-26,여름,8:50,8,30~39%,맑음,건축/건축물/창고시설,철골공사,300억 ~ 500억원 미만,50~99인,1,300억 
6117,2020-08-12,여름,14:50,14,30~39%,맑음,토목/상하수도/상수도,가설공사,200억 ~ 300억원 미만,50~99인,1,200억 
6155,2020-09-05,가을,11:00,11,60~69%,맑음,토목/철도/지하철,철근콘크리트공사,"1,000억원 이상",50~99인,1,"1,000억원 이상"
6157,2020-09-07,가을,16:15,16,20~29%,맑음,건축/건축물/근린생활시설,철근콘크리트공사,"500억 ~ 1,000억원 미만",50~99인,1,500억 
6170,2020-09-14,가을,12:58,12,10~19%,맑음,토목/기타/부지조성,토공사,"1,000억원 이상",50~99인,1,"1,000억원 이상"
6213,2020-10-16,가을,9:00,9,80~89%,맑음,토목/옹벽 및 절토사면/절토사면,댐 및 제방공사,"1,000억원 이상",50~99인,1,"1,000억원 이상"
6223,2020-10-20,가을,17:23,17,30~39%,맑음,건축/건축물/공장,철근콘크리트공사,100억 ~ 150억원 미만,50~99인,1,100억 
6281,2020-12-07,겨울,7:40,7,30~39%,흐림,건축/건축물/공동주택,철근콘크리트공사,200억 ~ 300억원 미만,50~99인,1,200억 
6304,2020-12-19,겨울,8:30,8,40~49%,맑음,토목/터널/도로터널,터널공사,"1,000억원 이상",50~99인,1,"1,000억원 이상"
6307,2020-12-22,겨울,8:30,8,10~19%,맑음,건축/건축물/공동주택,철근콘크리트공사,100억 ~ 150억원 미만,50~99인,1,100억 
6377,2021-03-16,봄,8:50,8,60~69%,맑음,토목/철도/지하철,가설공사,"1,000억원 이상",50~99인,1,"1,000억원 이상"
6415,2019-07-23,여름,15:40,15,80~89%,맑음,건축/건축물/공동주택,기타,"1,000억원 이상",500인 이상,1,"1,000억원 이상"
6416,2019-07-24,여름,8:40,8,10~19%,맑음,산업환경설비/발전시설,가설공사,"1,000억원 이상",500인 이상,1,"1,000억원 이상"
6437,2019-08-16,여름,12:30,12,90% 이상,맑음,건축/건축물/공동주택,수장공사,"500억 ~ 1,000억원 미만",500인 이상,1,500억 
6446,2019-08-24,여름,10:45,10,80~89%,흐림,건축/건축물/공장,전기설비공사,"1,000억원 이상",500인 이상,1,"1,000억원 이상"
6464,2019-09-17,가을,8:00,8,80~89%,맑음,건축/건축물/공동주택,기타,"1,000억원 이상",500인 이상,1,"1,000억원 이상"
6468,2019-09-25,가을,13:17,13,20~29%,흐림,건축/건축물/공장,철골공사,"1,000억원 이상",500인 이상,1,"1,000억원 이상"
6470,2019-09-29,가을,16:24,16,10~19%,맑음,산업환경설비/발전시설,기타,"1,000억원 이상",500인 이상,1,"1,000억원 이상"
6471,2019-10-01,가을,18:03,18,90% 이상,강우,건축/건축물/기타,기타,"1,000억원 이상",500인 이상,1,"1,000억원 이상"
6483,2019-10-21,가을,8:30,8,60~69%,흐림,건축/건축물/공동주택,철근콘크리트공사,"1,000억원 이상",500인 이상,1,"1,000억원 이상"
6486,2019-10-24,가을,11:00,11,70~79%,맑음,건축/건축물/공동주택,도장공사,"1,000억원 이상",500인 이상,1,"1,000억원 이상"
6488,2019-10-26,가을,16:31,16,40~49%,맑음,건축/건축물/공동주택,기타,"1,000억원 이상",500인 이상,1,"1,000억원 이상"
6509,2019-11-10,가을,14:30,14,40~49%,강우,산업환경설비/발전시설,철근콘크리트공사,"1,000억원 이상",500인 이상,1,"1,000억원 이상"
6517,2019-11-16,가을,13:30,13,60~69%,흐림,건축/건축물/업무시설,전기설비공사,"1,000억원 이상",500인 이상,1,"1,000억원 이상"
6530,2019-11-29,가을,10:30,10,80~89%,맑음,건축/건축물/공장,수장공사,300억 ~ 500억원 미만,500인 이상,1,300억 
6577,2020-01-21,nan,15:50,15,90% 이상,맑음,건축/건축물/공동주택,기계설비공사,"1,000억원 이상",500인 이상,1,"1,000억원 이상"
6591,2020-02-14,nan,9:00,9,90% 이상,맑음,건축/건축물/공장,가설공사,"1,000억원 이상",500인 이상,1,"1,000억원 이상"
6625,2020-03-19,봄,16:00,16,90% 이상,흐림,건축/건축물/공장,기계설비공사,분류불능,500인 이상,1,분류불능
6661,2020-04-16,봄,13:20,13,10~19%,맑음,건축/건축물/공장,전기설비공사,10억 ~ 20억원 미만,500인 이상,1,10억 
6687,2020-05-12,봄,13:10,13,50~59%,맑음,건축/건축물/공장,산업설비공사,"1,000억원 이상",500인 이상,1,"1,000억원 이상"
6692,2020-05-21,봄,10:00,10,80~89%,맑음,산업환경설비/발전시설,기타,"1,000억원 이상",500인 이상,1,"1,000억원 이상"
6698,2020-05-25,봄,15:00,15,90% 이상,맑음,산업환경설비/발전시설,기계설비공사,"1,000억원 이상",500인 이상,1,"1,000억원 이상"
6795,2020-08-30,여름,14:30,14,50~59%,맑음,건축/건축물/교육연구시설,지정공사,200억 ~ 300억원 미만,500인 이상,1,200억 
6816,2020-09-18,가을,7:58,7,90% 이상,맑음,건축/건축물/공동주택,금속공사,"1,000억원 이상",500인 이상,1,"1,000억원 이상"
6826,2020-10-06,가을,14:30,14,90% 이상,맑음,건축/건축물/공동주택,금속공사,"1,000억원 이상",500인 이상,1,"1,000억원 이상"
6831,2020-10-11,가을,11:40,11,50~59%,맑음,산업환경설비/발전시설,철골공사,"1,000억원 이상",500인 이상,1,"1,000억원 이상"
6835,2020-10-15,가을,15:30,15,80~89%,맑음,건축/건축물/공장,기타,"1,000억원 이상",500인 이상,1,"1,000억원 이상"
6847,2020-11-02,가을,10:40,10,80~89%,맑음,건축/건축물/공장,산업설비공사,"1,000억원 이상",500인 이상,1,"1,000억원 이상"
6945,2020-03-09,봄,0:23,0,80~89%,맑음,건축/건축물/운수시설,기타,10억 ~ 20억원 미만,알수없음,2,10억 
6958,2020-11-03,가을,0:00,0,90% 이상,맑음,건축/건축물/공장,기타,"1,000억원 이상",알수없음,1,"1,000억원 이상"
